ra,dec
327.4244333827862,11.885200070913486
327.29696501945534,11.895936951267267
327.271124274773,11.921751513246068
327.2594511203866,11.944635784680015
327.23082958739104,11.938550358996345
327.2467296495748,11.963263240308082
327.2467461667325,11.971017445854581
327.30257330794115,11.965668413835258
327.31478364964534,11.981598159793155
327.48147473315925,11.882048873043459
327.51273947382526,11.906221491776284
327.5190275813171,11.907161788739739
327.4379900985279,11.948976615717095
327.40724891373026,11.94235988726373
327.44621606595484,11.96596344708467
327.47936430232085,11.96041405400302
327.44778834278003,11.98022591777879
327.5670155739564,11.985468508563834
327.6129602587861,11.99063234963061
327.6211290782543,12.031752316678238
327.59577599966303,12.045703669884553
327.5446931736013,12.077163792253227
327.39403603296597,11.97699647829014
327.42029224510185,11.990371110459181
327.4427905016792,12.022681427497938
327.4364384283815,12.032717156872723
327.32788728492125,12.01552197195679
327.3171305251788,12.027711626086045
327.33780148102113,12.049967894052184
327.43533253920884,12.06377167273531
327.4076717282758,12.069560655719007
327.3654530223536,12.049278824099234
327.5040237479413,12.068655300782952
327.52969037021717,12.076924116971028
327.5303619657219,12.087967957541013
327.553679679769,12.106415186926164
327.52801982899814,12.105737449712864
327.4827943485649,12.117183636178408
327.4757259365505,12.124255159611208
327.46649589742,12.131478179108004
327.23131408292454,11.999126006712078
327.27021379078167,12.028774516114847
327.2451376024444,12.016068898394472
327.20763107759063,12.020141044879887
327.23682603022024,12.08230323641721
327.1652500229007,12.088938831114106
327.1912779667727,12.103119833716137
327.31332157729787,12.032974967587414
327.28258657953614,12.064821476562487
327.2978104457533,12.069106635657718
327.31617334244487,12.083870623485433
327.29109040154026,12.084652598036335
327.2356024516276,12.101253535679241
327.3170185414464,12.133924958855522
327.3240854977421,12.145821134431948
327.3710986599624,12.146045107644095
327.37723748838397,12.1539583046962
327.3813374994411,12.150882720727063
327.4199500076607,12.16788503983018
327.39893952968987,12.18129426150193
327.44266564043653,12.19231421009126
327.33684499803536,12.153538738214992
327.3285866654134,12.18499049580111
327.37930795372364,12.202814510380861
327.4257300287599,12.211636993446943
327.2113063575775,12.165120980763945
327.2547198447294,12.174541416784086
327.1708993097477,12.192339305996152
327.25027594372006,12.21985977613971
327.20086494398873,12.213559707610957
327.3049563029244,12.184080187227343
327.31245090364644,12.18985718545144
327.3659648264886,12.267754770994745
327.31873818353677,12.254008690502683
327.25835129428236,12.246809784442439
327.3183441032755,12.283838730098603
327.32993649182976,12.293005357932069
327.6489334511486,12.084646370580021
327.6187047624162,12.079650195545605
327.6270032784555,12.10615806839066
327.5869423533884,12.093299685530425
327.5902085897253,12.123882021612575
327.5708705646296,12.14867322178856
327.56644315314605,12.15691843631969
327.64073178993624,12.189966553650997
327.54026077670954,12.207023103154386
327.5544334582511,12.239223881904756
327.5902664238092,12.260005931220165
327.4844703024486,12.225584154831921
327.4974603075398,12.231916993026733
327.4332507046384,12.221793094621885
327.45298193497644,12.249453203795118
327.5705226736451,12.262430597772173
327.589216833757,12.280498338288567
327.4874750044538,12.335975298270135
327.3744569848085,12.28392630015684
327.4218084248721,12.320899445961347
327.3236223550561,12.350029910327393
327.53513872257696,11.90968372107448
327.5791802660826,11.937221807509905
327.57210003892027,11.933141110929697
327.6108516119967,11.980038687114547
327.4626070625342,11.877786530281998
327.34461379603283,11.878845677829133
327.3396090004418,11.899602275056392
327.30878650278834,11.883456840192572
327.34929503436206,11.943382966668242
327.22867293046323,11.950230476426434
327.2781082867348,12.001562954479661
327.5442049827862,11.939091297400676
327.43761476010707,11.946461804628628
327.459705291355,11.94021898549289
327.48737947473165,11.955040015126004
327.4895903884325,11.99310657005209
327.4718896680082,12.01399640367146
327.5356602359531,11.995669210643555
327.60039274890715,12.030237184803788
327.5125322639813,12.035722536603954
327.50864846361225,12.047852734501364
327.5224296268252,12.047058994844303
327.567294196924,12.028883022052257
327.4278105201294,12.018021580918179
327.4553382117703,12.041560098558254
327.44059687968877,12.047012820198564
327.36995001801245,12.005604780264505
327.3869475218297,12.029286300043115
327.37201218621567,12.04880454620143
327.40869207014305,12.079258064058552
327.4868481103023,12.05292370706138
327.460353951079,12.045468270985667
327.51537687980425,12.09130972598338
327.49197053200163,12.104413039261049
327.4200904738282,12.120137932693597
327.2569621541151,11.994573602843174
327.26692321903954,12.037937061930228
327.1835580663573,11.999726879204458
327.23574028720964,12.058560553222195
327.16817601188114,12.102276664335163
327.30823095858597,12.050666701049163
327.2735210444371,12.054851820458735
327.2991836957002,12.07870950618746
327.32506446553384,12.11322466793383
327.26356953051993,12.069054018638528
327.28655702045126,12.130828488300153
327.39033037598915,12.107760533848225
327.4154256228315,12.230046257355815
327.2069739751916,12.114235676006286
327.2299382852506,12.158543995797945
327.1643227149613,12.176051981189941
327.17363760563825,12.200896380845249
327.20347478464925,12.216229479472103
327.204864306969,12.218528687267952
327.20927609040626,12.237894172929117
327.3043162017087,12.221714292014342
327.3703467528647,12.236369114837895
327.31095839542985,12.250968378210628
327.31409353768623,12.246932119862056
327.356624402203,12.26378055267078
327.2647514711312,12.26988131925117
327.2461641176909,12.268692993950145
327.3241997234977,12.292109372490142
327.1756408260115,12.225736947483055
327.2238050868952,12.2627439429462
327.6150286854305,12.075003136461453
327.5934991338944,12.137766349995932
327.56651485254974,12.161989177289726
327.61786642068955,12.16199049382197
327.5392357429997,12.172260245381041
327.51340329631535,12.188280654688333
327.5629749617852,12.205808772481074
327.5901275429193,12.215398718668443
327.51471248076916,12.217251871170582
327.5127566749784,12.2449281493298
327.503150421557,12.264653847684338
327.51726324973197,12.279761706232435
327.4376781990359,12.272515101406496
327.4683241983801,12.27674017792696
327.5199894563637,12.295645093348107
327.4617752624596,12.289267542768195
327.4958604283006,12.33575778975486
327.38101044347775,12.268758865694647
327.358322619961,12.288247664382487
327.3863453169071,12.316290726146734
327.3451637043808,12.329291271088229
327.39295501669744,12.341973384245582
327.3924830474868,12.36007506826622
327.4194659639834,11.868855607633906
327.30159603488255,11.933551107633466
327.301112908994,11.939730866688379
327.3038582693121,11.984716482783064
327.3015688109382,11.996503413309288
327.4637033192878,11.90463844592512
327.52069959958527,11.938447107713333
327.5075990654657,11.946310921482887
327.52113879144514,11.955933663710436
327.4490250761625,11.948423007752819
327.4818246846132,11.971170561582877
327.502783917665,11.997246965966704
327.4805106202184,12.007927036125707
327.54874633818497,11.967970899975954
327.5934750512066,12.043228506022778
327.38214716662645,11.971889581027
327.38433809921963,11.984363838351372
327.4648972831407,12.031958865114643
327.4153875766978,12.033023948992982
327.36455386981226,12.011366454038107
327.3637221212402,12.034647267959738
327.3989164689235,12.044369955265253
327.37604190783924,12.045427809209674
327.41088066372765,12.050704368655488
327.5203232558758,12.061062230389144
327.5377552782195,12.092792421972757
327.5586785642774,12.102313344297288
327.42651990810776,12.107071261989214
327.4026114738345,12.100555555019199
327.4384435800852,12.107368749355858
327.18813469132476,12.023328084952121
327.16600667697213,12.102815029501922
327.1903894936031,12.11814704754485
327.2916928123263,12.056125281873618
327.2824349609907,12.077970563836232
327.3592028287448,12.11003417769034
327.27245721245544,12.102487592544433
327.3899847932711,12.108255257452432
327.3666200074217,12.134644913329344
327.3898757008943,12.169702012319476
327.4076795895571,12.170313772394389
327.3980671447399,12.192623476031512
327.1932028978366,12.13709401403648
327.2689337390532,12.156380507371457
327.25230274663204,12.152651548527402
327.2404115608616,12.160980295183915
327.231023712571,12.174489912216544
327.17704848539717,12.19077216419601
327.2300798570566,12.218929326011185
327.18201389556435,12.222196879170658
327.1937401033787,12.230946773034367
327.27846381388673,12.21507662519441
327.31546094698683,12.234787121154447
327.30619642577,12.24560250602985
327.3517480540076,12.269580866242986
327.2920639767682,12.24997813840316
327.33566144103946,12.282849030577458
327.3304298588782,12.294138569555862
327.3145336815791,12.296290833451087
327.30534836377973,12.29458919419647
327.22132077018284,12.266074469360436
327.60695955638647,12.107016830997603
327.632751323892,12.189579906340636
327.6339043365738,12.189026001950866
327.5981262716495,12.198085707312353
327.5669979030875,12.215560113894284
327.6020980436918,12.255375587518001
327.493076214981,12.191516527359838
327.49082664878415,12.209165396587467
327.4910234425416,12.216412724577813
327.5226899300051,12.261059405723302
327.5319901343848,12.276447765301311
327.46495969883676,12.242644853884944
327.450234244165,12.249166434991857
327.412321925143,12.244079273753998
327.4486212927565,12.28737421940779
327.4809985352609,12.327035089603447
327.54106844744973,12.311075738649434
327.4207290136631,12.305263183323783
327.38883764837107,12.296611913586677
327.40109692108757,12.304249926783248
327.39776023421337,12.315611365097602
327.4536135685718,12.316912714556887
327.4324832469449,12.342846335253693
327.4262947970217,12.342433627045363
327.33180843107925,12.32691503140961
327.48886702117034,12.347448836378986
327.53411677560786,11.914231179366203
327.5478970562236,11.922740855797292
327.58911943155357,11.955983568064518
327.4057464472972,11.883117677704135
327.42868722209386,11.911293205549871
327.3630286954003,11.918070359435895
327.29484504302434,11.909410078999636
327.3042115219957,11.93610339788247
327.3790826613637,11.945945907698261
327.247404987938,11.927250511756403
327.2733713744701,11.94956435005568
327.25691119076754,11.97958653560495
327.3149616913638,11.96885851628056
327.30528685148914,12.016454683613588
327.490167505208,11.892203954139095
327.4742308790149,11.909100184146126
327.48477411127715,11.94147486694541
327.52732743181934,11.918344657716588
327.4990430199373,11.942362661848374
327.42845891348,11.939700010207062
327.4647056367632,11.968022264341265
327.55173279262266,11.967679798750263
327.5472710687993,11.970243503413032
327.59061276878475,12.01059752355178
327.51180387741573,12.031146648474285
327.52040175856337,12.057348712438237
327.3497671204326,11.986021919328067
327.3715962470046,12.00823266198071
327.33079284005885,12.017418556487051
327.3329734566349,12.019003248792997
327.3919538988131,12.057367614941338
327.3985172819436,12.059703633845647
327.49673593178085,12.0481423125681
327.4583118073766,12.072430709470828
327.54473445383695,12.082854270663235
327.53834752858387,12.097511057703883
327.506202606889,12.09559155994581
327.5183030429046,12.124634160005296
327.4177096111592,12.098780360456109
327.42339750400674,12.110821482678304
327.5062856007134,12.13988066313028
327.4745825774569,12.161393385309092
327.2326290117916,11.981613836576878
327.26835768792625,12.01358320479009
327.2339945327494,12.022669385657933
327.24336680580643,12.029075077284032
327.2595238942899,12.047843003221706
327.26647222975106,12.050417520342155
327.2038849209792,12.021245077118635
327.22522110127136,12.047311958997447
327.2082225101259,12.038431639717611
327.16638958150673,12.091236548739749
327.1978842378498,12.10769473149822
327.149312963568,12.10145542115627
327.17418027869326,12.13495526824575
327.3083437960737,12.063143808861582
327.2499148552874,12.087688009411421
327.2897664110944,12.10290525836536
327.2421378408063,12.106666222669453
327.24459053596917,12.108650659388125
327.2448676954852,12.121703746686912
327.31203780135473,12.141245558101943
327.3896319847129,12.113238736991907
327.45694442251425,12.173747575494192
327.4462154011817,12.200852106455972
327.33661316500877,12.199027489851067
327.39037097679886,12.201630815092647
327.2322935746987,12.12076584391779
327.2358553336027,12.12349328815338
327.24824975019396,12.14817043546633
327.2067190050937,12.147629702673267
327.21539740448725,12.16208692619974
327.2739258779415,12.186375657725609
327.2591547167305,12.203684259070101
327.24725111265553,12.20914964461205
327.21340110261093,12.229976070776768
327.3523420105419,12.245255172170728
327.25973489705353,12.21659830691627
327.2829498206486,12.243292901699478
327.2416744741663,12.288823829740329
327.62142747333723,12.069365396746198
327.5724879584342,12.103192923343626
327.6010549525499,12.13476090931645
327.62393649287526,12.151678233498112
327.6045586136368,12.2029524953405
327.55466328371955,12.218509730678946
327.63403266212924,12.211727910340453
327.50466321347955,12.199636262565965
327.4228300420846,12.253242386030466
327.3961018380958,12.25508722562222
327.4540113094308,12.271702112497195
327.47808168537154,12.30980051200505
327.5468167317918,12.308383879660315
327.5227506714921,12.300890499098381
327.35459938574564,12.315632256313837
327.3306873843757,12.316848674299191
327.3365437328642,12.32057071397897
327.31543268171896,12.3360498438189
327.35171100649916,12.34318088944275
327.3380743474529,12.348028111472
327.4116591753839,11.877591289782702
327.2472069635481,11.932362768917015
327.2824258572081,11.962034945654556
327.2849089427262,11.962361368940782
327.29283082626995,11.981936509434039
327.29572237263943,11.989678319281321
327.2986202193699,11.995128244675065
327.50366535633145,11.89544882393301
327.4561738090552,11.924442717445254
327.48794856166836,11.933260566569292
327.4850249473132,11.963273794752482
327.46353829157323,11.991334947705516
327.473715761514,11.993170326481033
327.4747867883966,12.01492279737538
327.62781668057363,12.038021887250325
327.59730513952627,12.02999496936567
327.50874715310005,12.027251287933925
327.48278979826375,12.025779312975008
327.5762957650343,12.048345783827445
327.58198064703754,12.050097764581404
327.40258126410674,11.977842389192817
327.3781825431094,11.97422905257369
327.39606465025133,11.99064815421696
327.4034786357927,12.02415861140872
327.3456754120808,12.021490334759603
327.3756120072196,12.020789277488028
327.36413064229237,12.049355866262182
327.396343522553,12.05004999532489
327.40682697004723,12.056421409885534
327.3889066677501,12.070268896063721
327.3877645454589,12.077008787612248
327.370898564111,12.081970052173137
327.5349241940734,12.093793463360496
327.52276597757066,12.136053219540601
327.4215665705663,12.100217404779047
327.4621017808988,12.142201091803603
327.21555186652995,11.965119088962728
327.2473741652667,11.976125220110987
327.2203071822875,11.998015863994937
327.25568486526066,12.050917036464977
327.2178563730246,12.058410992189273
327.2487478712747,12.072974469877675
327.1656315870106,12.080850927817094
327.15821065265726,12.087779219499659
327.15144017356505,12.134422903954006
327.2815585770565,12.085868786564982
327.3419748554573,12.14175251806322
327.2753391451188,12.150745718748665
327.4123065386352,12.130788961199263
327.38519535392896,12.144264646775369
327.3695916021288,12.140152589000026
327.4686415126826,12.184612941388334
327.39686078594445,12.17976799217881
327.40611661141884,12.17044535155008
327.42313076686287,12.186956303695991
327.3406703441298,12.183364115129617
327.3789350806461,12.200437004552823
327.4061927267476,12.229641025789503
327.2219099326351,12.114395294429544
327.2085224606354,12.15330878603826
327.27185516746675,12.156900590215626
327.20167578652547,12.169149845271493
327.16345046282777,12.1785452070843
327.24123680151683,12.205310011463565
327.19621157115864,12.205758578693072
327.1964577235324,12.198737648491447
327.3346376896152,12.241967480956424
327.2790383290324,12.278260282742508
327.2328741083303,12.276448147308866
327.6396776006353,12.06137362226692
327.64719410757306,12.108203131612896
327.5803523897297,12.106488046134073
327.62549249356914,12.121228475494245
327.61554708812673,12.132693746308808
327.5676643085623,12.135471379575135
327.5479335684574,12.129394989119657
327.5429551235028,12.133340437212437
327.5982260782574,12.162821550975265
327.60491847744333,12.169801841780359
327.60650861271455,12.163948222869786
327.64061046245877,12.190137441134123
327.5306581477898,12.188193613213835
327.5680621478179,12.202614081072872
327.63613058145035,12.201078822603106
327.612434195914,12.229264765282347
327.6039604588564,12.247278577693017
327.48572533783465,12.237975428648346
327.48070769040595,12.23753958700717
327.54574532144596,12.254714407706425
327.51013646602865,12.24475284007184
327.40795543042907,12.245407201606254
327.484826716838,12.313023959834215
327.55819109187075,12.269722400424465
327.5685345582575,12.29660951847401
327.393459224015,12.254835251059264
327.40004018917904,12.308825965485084
327.43313375205474,12.296448233652272
327.4412919285198,12.319693279608884
327.44194933992225,12.315799121593116
327.4329600550673,12.346161694966133
327.5714336165964,11.927215468153832
327.5542967333979,11.928404036913497
327.5738821779787,11.939479401303572
327.56130506145615,11.939292668784939
327.5934536095239,11.954133148157823
327.3999759488295,11.922015389563814
327.3469852888811,11.919258270504693
327.3335044624931,11.960603053239225
327.35355170293764,11.968601658118887
327.245437204113,11.932801634769175
327.24920974778803,11.972577222627404
327.3162000235398,11.973064057660107
327.28732475229054,11.986339011718531
327.3060158957359,12.001259449724428
327.5266114965282,11.953962230688393
327.5248287266368,11.979586999932652
327.44741285639503,11.958466339354278
327.4669850716786,11.965300578773006
327.49130606307926,12.013411769109757
327.48733968356817,12.011597983061593
327.53567159220074,12.041136152384198
327.56243806389966,12.041465892257529
327.5916039450963,12.07960807915923
327.53566595486814,12.066373230117284
327.4020426571633,12.004090326834932
327.33935916211544,12.006511557716626
327.3515681674416,12.041656092260261
327.4527119501132,12.072066826981494
327.5199168264188,12.077279938017316
327.41683136520356,12.081118624315774
327.4273858136848,12.090341137958879
327.407748494265,12.096147379759309
327.26878608192084,12.017734654512005
327.2579392597165,12.012900846240836
327.2773100029285,12.022295323730424
327.28011740477695,12.043127766498866
327.2473107976622,12.046712395543938
327.1765492474118,12.01185049600932
327.1727151058861,12.030821400698098
327.17097470832744,12.056615463870955
327.2242163815271,12.063387743555651
327.22435052665134,12.081054635136551
327.216074858387,12.101013938460085
327.33480949649646,12.056272024979032
327.27815967087093,12.0593688511556
327.30139486439896,12.084176194664977
327.3092217855617,12.09028887680162
327.33273372851045,12.094468381231708
327.27517853594145,12.076634368648266
327.2543989614741,12.084167227983448
327.2598730407785,12.089685861839689
327.28028390807464,12.096662499289858
327.2601897685985,12.102170548083327
327.28806280703463,12.136469723428203
327.2917495484136,12.156849276825412
327.4238211713978,12.144234745670316
327.3535171518131,12.139631712820568
327.3729442166133,12.157387264625868
327.32999517116104,12.185237872953708
327.39794172162823,12.192859744794324
327.40830270547207,12.198106005675344
327.2304820979875,12.139358883706254
327.2406751065409,12.154783615731372
327.2266490213955,12.15012375418096
327.28492687200844,12.194415473636665
327.169210205746,12.161666426579227
327.2547379810205,12.22067956936006
327.2308045251718,12.21235896516058
327.29657414309884,12.191577370990267
327.29621548104814,12.214865257737436
327.2683933997911,12.21349934176007
327.2649299843206,12.22617753222231
327.2846081035523,12.239999630688628
327.2387941924956,12.249527002384381
327.2730100617921,12.265010076081508
327.3314571551431,12.304720433470276
327.2461480994566,12.286243678085786
327.24381849629714,12.289980960397493
327.65178166656017,12.082201022431718
327.6467254525728,12.086591014214115
327.60838907577545,12.070953950179282
327.64342534074757,12.107772704527035
327.5935170058902,12.090939761007194
327.65347509465687,12.111222664974964
327.6534276508207,12.11402465769954
327.649343762357,12.13215642709121
327.62502755665525,12.148427278516989
327.6304743361351,12.187937552151952
327.5158504892692,12.154144972244715
327.5883823433144,12.231259697398098
327.6003602319563,12.248574751044362
327.5807385365916,12.250151324035874
327.4832552508855,12.190281128203267
327.5329357029232,12.240550263171798
327.5390157418217,12.254821165847403
327.5500898067538,12.261170923531687
327.5294233805275,12.265727408824889
327.43885561478083,12.244237579582098
327.45412845194755,12.244996639574927
327.4054753766366,12.254793931831502
327.46954803025403,12.266215917574407
327.5040015643989,12.279212093542938
327.5874532898815,12.285665894176587
327.38523411272,12.261052692396495
327.4007059804661,12.325383694154972
327.45010871704665,12.35378105657472
327.3558450834459,12.330917936709639
327.33689706992624,12.340900038404795
327.38648880873376,12.354323033106803
327.6052332160485,11.979819812317718
327.4479589629598,11.87175979057265
327.39244222143844,11.924548728346265
327.3428895767609,11.90739244886871
327.3095176060181,11.912284857292827
327.2764921711449,11.911379965395431
327.36668441939304,11.937623810478726
327.3758486109696,11.947063701449519
327.3315266222431,11.940834114322367
327.3498883708107,11.950151776675638
327.3396416544925,11.975816907830076
327.28468199812454,11.935547482400924
327.2371463374506,11.965302231184905
327.3192615532979,11.97129215897373
327.31445468100844,11.969716053798154
327.3270423178355,11.981296542779031
327.3138250204221,11.989382005364165
327.29030000438013,11.980046793531985
327.49553944905585,11.91208242776416
327.45580501913616,11.914344029313304
327.4792975825949,11.935183493770824
327.528832760927,11.941503466264244
327.5367449748235,11.958271508370727
327.50860271783336,11.9418033925229
327.42739082047086,11.92207982614802
327.5724918294393,11.970999102910774
327.55152626145104,12.00027688841936
327.6109776188668,11.991730129620695
327.609692736901,11.989134552134798
327.6226226038839,12.021246195162512
327.6333017600388,12.042674188100506
327.53775688774823,12.009633903742674
327.57928237650026,12.067155828480535
327.56915167733456,12.076947172155519
327.42698111269584,12.030223845909573
327.3405359929186,12.022643476115459
327.3454614729038,12.058929575439464
327.38363476657196,12.043561742300826
327.35605430308823,12.065138609299074
327.48642063195604,12.04005535338264
327.44492672261975,12.110536364206684
327.4899778803849,12.13324703018066
327.2285518574256,11.984483025005192
327.2013520532185,11.978423943715846
327.1952384249635,11.980489186074209
327.2506227353883,12.003063014939633
327.27161603211243,12.022115661012792
327.2495479125183,12.035612942087328
327.19442859661166,12.01211570703605
327.20712164776626,12.063544733777965
327.2227431228824,12.0773011994049
327.15573263077846,12.130292999392461
327.32735724267326,12.05321145860383
327.2941630802155,12.06826799158737
327.29221630753966,12.057696451120183
327.32466457442865,12.093037937841927
327.2785504313247,12.114652395311134
327.248921577681,12.097011618353273
327.2397118906076,12.117186272377694
327.39568932681954,12.171301413054623
327.4262514019331,12.15806817447816
327.46412251491495,12.19058284976662
327.4133192794934,12.164865094160923
327.43054531867944,12.184541434084474
327.3407881766886,12.146581753431041
327.3787029398897,12.172403684087804
327.30975172493316,12.17471924805847
327.34444978279697,12.208227647859715
327.3693065564051,12.206898310534855
327.40411920826364,12.232576991083787
327.22639092725376,12.142379146729303
327.2127162063591,12.158181108678967
327.1805256569147,12.148561173903236
327.1775830588098,12.209395656565844
327.23934672073153,12.200156742355642
327.2259417944069,12.219549659797615
327.2323604656715,12.223069527088834
327.2339213402933,12.233622862799253
327.2153959809562,12.23549460576225
327.2942577215038,12.197690481061503
327.3021789050669,12.212348301933154
327.3193587097605,12.22854500295197
327.3738114485333,12.239291368285604
327.2645038255859,12.248219596920782
327.2201506139505,12.261471261881516
327.58960620758074,12.087312262002168
327.5849960795361,12.115026262556842
327.5556436382355,12.131754037075945
327.57836454588175,12.241901725975659
327.6090019388668,12.219458937834183
327.6035354254406,12.232000941331933
327.5038297287189,12.219396023157326
327.52425887364393,12.220335674236468
327.54129252113916,12.253048631272982
327.5221909161171,12.27236598245392
327.4171205991654,12.24493637864067
327.4080158705684,12.246180532002127
327.4148622906029,12.258729159209956
327.48010271864734,12.285745694733132
327.45287957819613,12.298835174455723
327.4767772722604,12.299119446587325
327.47614169941664,12.308639372256586
327.55459831396547,12.270918816464446
327.5623340354767,12.306440257079965
327.5197189806285,12.303738893975632
327.3843753053835,12.260893742276227
327.3710782303011,12.272899617401562
327.41087968585066,12.29739010071551
327.39396672099497,12.310120907815946
327.41583145796255,12.311229307683048
327.33105018376284,12.338706529877175
327.40279927546374,12.345321882465571
327.5542019013259,11.929317955780528
327.5984428676735,11.96024095795674
327.3957230198994,11.910738228936525
327.3691016539377,11.898480203964487
327.38424099449304,11.929437400624264
327.30716965936875,11.890506485552296
327.33154916377015,11.908393572867798
327.2817297968055,11.895878528616953
327.37311108719376,11.934948406437824
327.3127096076502,11.942719250279225
327.2342539710254,11.93522246849581
327.2344008861397,11.95872930858112
327.2630357784148,11.971754308946563
327.2951318675002,11.958882850897462
327.48413387797456,11.878101814835128
327.4990842298723,11.90063319456731
327.4724216978449,11.927512854552917
327.4693016105768,11.93464593101321
327.5213269315379,11.92196345501368
327.5343376646832,11.932378515063336
327.53175480226776,11.950127456133458
327.4282059528187,11.94451887559657
327.6197622290936,12.027158753432841
327.6191550772754,12.033361916464639
327.5162996409899,12.003494073623436
327.55696296854273,12.026778437169883
327.55873149376254,12.020362193811286
327.42250215131867,11.991352145165388
327.3760207901924,11.992688562320424
327.4455634275969,12.010926564264846
327.423716854532,11.99971407425088
327.4379393927049,12.018151305017305
327.4670878120711,12.035237887282767
327.39566903190797,12.076599269729169
327.3949415242799,12.090341101071042
327.47812577347474,12.050589108655855
327.4791233681052,12.066477116669011
327.5003505805102,12.097629936766385
327.4213485640304,12.119756106485143
327.4636103553674,12.127047202775834
327.25026468554495,11.978455728643363
327.2106580801561,11.996208302398012
327.26221245529496,12.019985099659097
327.1865131481127,12.035819800564942
327.164602651542,12.03063277654813
327.2248670251766,12.064613616785332
327.1895083178584,12.066360898969133
327.21893454368677,12.088516979721815
327.1701611087626,12.132931478212878
327.30206214543347,12.03500548515584
327.3005770172078,12.051683647652526
327.3030265811939,12.077836531031407
327.30712661448075,12.09387108032698
327.24432630922496,12.081600469624515
327.2657996839051,12.096579984802581
327.2751281322451,12.106798177803622
327.25433868501756,12.102546738996368
327.2414351990782,12.106400369310348
327.25968282044187,12.12949267093781
327.32874851805553,12.154214313493735
327.37630425422105,12.141626989977834
327.3986517356619,12.145822120823802
327.3909674761196,12.151089697311654
327.39906944147583,12.147159122015188
327.451384170388,12.196459140761458
327.3210633033958,12.179669861048335
327.36015606003053,12.188812718682982
327.3989267372723,12.184499665639658
327.3799474558439,12.192384421630013
327.3618667998916,12.214728826537103
327.4017213657608,12.238475868206264
327.39136590790474,12.2379019157166
327.29556652451083,12.174554601270078
327.2498764989543,12.194626865497941
327.2477843215969,12.194876132526204
327.3268366895991,12.22064753126899
327.3516648421522,12.242962806411079
327.3660637188303,12.267606300518281
327.37702848977375,12.266785810412886
327.32299561141366,12.255056156055664
327.28202828415175,12.253953795299328
327.26625299351826,12.294810408635042
327.2627173028585,12.318858776058518
327.65453687135823,12.099483248588557
327.64442386681975,12.107155427146507
327.60309528828213,12.12068527198126
327.650643451427,12.133636750176608
327.6022673609746,12.13482455352983
327.5558288775382,12.137318591696216
327.6202716263921,12.168348084640895
327.6047243019058,12.165101761428767
327.6285270590842,12.177234515338169
327.62490675267827,12.184288682544686
327.5954167421387,12.173333953551014
327.51320927584885,12.158314236590558
327.5250101442001,12.176543062112446
327.497827870696,12.171081109740664
327.58411118199956,12.19870427106403
327.64327375425904,12.189274595439436
327.5081535039096,12.204315348418756
327.527362945973,12.241869380168641
327.5121061741204,12.25237063127427
327.4467891665133,12.242106499041624
327.42616430371964,12.23656008057309
327.47437546913375,12.249357961548638
327.4325008701401,12.283100445001624
327.5582223717939,12.264976553483704
327.54678767988526,12.276246293418115
327.36587353046934,12.282687154699325
327.4418699717119,12.320906477624064
327.4234073484141,12.3396573744305
327.3616493746232,12.32845859880396
327.5357237322167,11.90187495391636
327.6077350387796,11.974408492349355
327.61252931376407,11.971533337980969
327.4389367481232,11.872591371705173
327.4272441216887,11.894594337450206
327.4032198208856,11.911456822328326
327.38256693157524,11.93297509397139
327.38584735698424,11.925455982005113
327.3554841746637,11.940334869160216
327.38579614186904,11.944077101160074
327.25821463331135,11.938200584487804
327.2657062431172,11.957682034193642
327.2976484677886,11.971695428000956
327.471707009213,11.911260327721868
327.48104981347734,11.936796851113801
327.4973684623261,11.96121178074275
327.52869096288657,11.977285257319446
327.4331101931074,11.928980229425719
327.41667913706704,11.931990070721485
327.49126204118295,11.96581829303617
327.4614302965356,11.981226175329862
327.4665955271198,11.991902535235486
327.5756524522154,12.005592749000321
327.6372827995776,12.025116235569596
327.56237324051,12.030089517958329
327.56623345189684,12.033512138562683
327.372539218942,11.988211853686611
327.37244415091646,11.987989388300942
327.39388270578866,12.014943562612936
327.4243357717558,12.021417163040892
327.4150497277222,12.04016036096736
327.43088812715536,12.044983636798921
327.3183703012298,12.029588858878764
327.3496305501515,12.046570538742165
327.5256609432778,12.06978433956451
327.5381672838852,12.118305911663878
327.4090792138461,12.094575337278906
327.41129371398495,12.115975854055922
327.4824960475452,12.12865803879959
327.483760247456,12.123669303807638
327.4726496045805,12.145464215048836
327.21357770575827,11.95737247357383
327.23155155945585,11.980800071218065
327.21477214297926,12.007428004664073
327.3025313433923,12.026173801238706
327.2657123013102,12.024456361708605
327.2387179848814,12.079959745728159
327.2162681515116,12.09505138851326
327.15266762036964,12.076747554241475
327.1902253924681,12.0891125460989
327.18540505744096,12.103315837448694
327.1972425681963,12.104937204838025
327.15125784439334,12.095790041250751
327.1557819178003,12.10299641879909
327.1694558763235,12.13997251882468
327.3281057371805,12.087271293304866
327.33258512707573,12.10023590913604
327.3017509876463,12.105865650147383
327.34092845670705,12.14499747515708
327.3317703013989,12.14704834082201
327.26976134476735,12.13808062566708
327.30408450276457,12.169333928902974
327.3837397478042,12.12324405793
327.36726983162384,12.14389268180327
327.4128559047301,12.184501999272864
327.4430365131485,12.195401096434464
327.35574648540916,12.177249083776877
327.3693290605949,12.18529571974448
327.4006272292341,12.192134955908998
327.3738905872307,12.227144524105064
327.240683404334,12.14299362916761
327.1981718094124,12.149279271633562
327.2161141903898,12.155363300817621
327.2217622923259,12.160035023982196
327.22282660617293,12.181480503191175
327.23965699342506,12.195771429465744
327.23086376384015,12.219231454662722
327.19667686353034,12.19867592633533
327.323053177624,12.210637308509774
327.287629435331,12.202332211258755
327.3424554360573,12.228764379136985
327.37396791624377,12.241650055819845
327.3251804233033,12.250994817439043
327.3200405835516,12.281223780519358
327.2505062686833,12.307331638463857
327.2855558213482,12.315071652008502
327.6515257519535,12.059172694269597
327.6109866975276,12.116090850282307
327.6344168409551,12.138419073895726
327.5628530039912,12.136616927450161
327.5853931780015,12.160403218395592
327.6325258207448,12.187713970733437
327.5121863211502,12.177192093103654
327.5044023541549,12.18097324888702
327.5136509932837,12.19670467666697
327.5308529805282,12.20485716536378
327.61658108845904,12.219753595897489
327.6176161200225,12.226945814713364
327.5934448277131,12.271873757257051
327.4546998413198,12.213049810042175
327.5380143446305,12.236248881466965
327.5077958893666,12.23114873799977
327.51778485099845,12.266520310959214
327.4350995499419,12.223747331569449
327.4568795959338,12.286802392645296
327.49285087784256,12.303121042983532
327.4722236241549,12.32252588857234
327.3948394374839,12.280076459093356
327.4113631609723,12.287802017291522
327.38315479853065,12.299817163478414
327.43953781771745,12.35682459058836
327.3576797483628,12.316039284800288
327.3218995242463,12.326975375732667
327.31497638254353,12.338599955366348
327.32556180679126,12.337468314196654
327.3560584580888,12.339155839559874
327.37232276448367,12.351630503719116
327.55844884822795,11.924250465966109
327.439660690439,11.874695572571436
327.3643788828592,11.892864972987043
327.3903671714993,11.91337774087917
327.30465614093134,11.886488382370407
327.29631717396586,11.914951603729547
327.29723269509145,11.936078715174085
327.3450225996731,11.925094171370741
327.38543303884984,11.949831201137062
327.26176449843575,11.979742421395141
327.2809201936424,11.98080804843981
327.3183186103024,12.005200102612426
327.47268866407734,11.88366144737899
327.4496405850388,11.914967604114526
327.54030733290114,11.929107967752921
327.5274187655041,11.961050334456564
327.4393707087343,11.924383696279747
327.44202111641,11.932569441012342
327.4425371053679,11.93765517218525
327.4713719016292,11.941180188879938
327.42737521838256,11.9593001307577
327.5900449573704,11.997971609143365
327.6124099851237,12.05409040993287
327.48898282299916,12.030272281523974
327.55644448153686,12.045427813451044
327.5397448665555,12.053384583746626
327.5678427273558,12.094903329913118
327.3810132311685,11.981912528125395
327.3819746423926,12.013028281445152
327.4250347883906,12.010688582478291
327.37316217403014,12.014391780381843
327.37183846426,12.05521470317989
327.3983817136012,12.084750436241485
327.37607159109234,12.082469048169175
327.39488213118284,12.096928308338015
327.46283729145495,12.04436936286871
327.46447989527246,12.057973962418915
327.5196777936235,12.08782302066733
327.5356859484296,12.106303708228136
327.46288179812234,12.09527707331844
327.44624042352535,12.104117297943747
327.20843089038755,11.984972216491878
327.213380972718,12.001884411443664
327.28434865925954,12.017369424342037
327.2330030903256,12.036210026428387
327.25555307165394,12.03279306321168
327.2141967894801,12.07291226931708
327.20937920680063,12.09230938582086
327.1710005670043,12.072876054500941
327.1713299974265,12.093755616895661
327.1889107227933,12.096828839106669
327.17790386793007,12.110388947156117
327.1778630763525,12.12461827399846
327.285997620006,12.05296456577849
327.2816904644438,12.066048505933411
327.3156574211983,12.088675791876332
327.3173707981306,12.104876474801934
327.33430956849367,12.117272674239283
327.31373867401425,12.160169900033907
327.3900028518295,12.108882086820945
327.3553184651516,12.144241462890326
327.3290868719421,12.189478077083745
327.2129007361657,12.10782289372644
327.1853196130574,12.13251441278031
327.17961453829133,12.140149222590889
327.2172480343326,12.150426097287589
327.2944465442725,12.177362986636776
327.2408851339385,12.16758698904179
327.2416274948745,12.204809659961345
327.25454828460227,12.216403777661949
327.2080362113051,12.217498664093185
327.3045185320487,12.184723944624677
327.277781657865,12.220326106211852
327.2989503222834,12.228074016802172
327.38164071709934,12.248838409449727
327.322481305559,12.253607381459357
327.28479429555586,12.247564444678643
327.3053030318153,12.267525293024471
327.2448851526967,12.28654746570714
327.2691412581123,12.299487906814841
327.63127566815507,12.047643223957408
327.64487971405106,12.075397356038007
327.6374588767299,12.090846394482755
327.6175932304818,12.148570100920747
327.6233926320374,12.150359245758494
327.6165431298256,12.20855721605788
327.4915575673803,12.185047608286462
327.5734485622716,12.244121121137239
327.633406992956,12.212280802365733
327.57834136203763,12.254481739356747
327.46726504300636,12.195262227510964
327.46890962807004,12.224233867844172
327.45529760482987,12.21903723761301
327.4850861429586,12.24608766758621
327.5154697156696,12.238284169410438
327.50761185038544,12.249571511704259
327.500270342826,12.265953733163741
327.4431316808362,12.25237041642266
327.4033792073497,12.25307324783895
327.48797388051327,12.27581221051956
327.48779162090585,12.27950487934354
327.4924038095387,12.298382850189743
327.4564705754847,12.278922249076858
327.5556130600994,12.290053096271913
327.54193631688264,12.308104816676387
327.404365587332,12.299322576261632
327.4001227092449,12.309029805077268
327.3886549842113,12.307800404356016
327.3999417439971,12.322906634490963
327.40653357416915,12.336801628587773
327.34888743421396,12.307994314492436
327.4418274281803,11.875959610109613
327.4211599501,11.896525857654636
327.3772835958176,11.880667720630047
327.39269656680244,11.891707116656958
327.4152257661908,11.905820898136954
327.41659655375975,11.906470829815921
327.40061439377524,11.90409961061353
327.3279214412167,11.929745630032611
327.368993616689,11.937549148533165
327.31668185941834,11.94287676053928
327.3226158299026,11.953898876948934
327.3428950754793,11.95630415438774
327.26414275752745,11.9313266624368
327.2495465655679,11.920556088360215
327.2887957835261,11.934630220440726
327.2566045479769,11.950195964588337
327.50456759742576,11.903782341685616
327.5401635323693,11.93551356203106
327.44647080511356,11.921068235666901
327.4271783775344,11.926615874203206
327.4614260979036,11.954724592558241
327.4909100331035,11.986370044512913
327.4963513155105,12.009054666466163
327.56563094602154,11.964543607708622
327.5261886143258,12.02075667096821
327.5533110844267,12.021997502649484
327.5396910809475,12.021390134058736
327.48729708416596,12.01879080235759
327.5592094331214,12.033381449534886
327.371510072573,11.976115233931221
327.3712846790976,11.988421571262416
327.40849609371344,12.001550010018804
327.4253670802223,12.007169942125449
327.41766702497006,12.019230779891235
327.3947474622699,12.037836243684401
327.51459114065074,12.06051738731484
327.50539626799457,12.08255131651873
327.4543405526949,12.084473520179941
327.4633083334504,12.086968779956385
327.42096794471166,12.09978962436517
327.4612347273575,12.12791373579296
327.45133997028483,12.13635761949864
327.2308932663367,11.966818385179646
327.2062623252292,11.990752950208524
327.20654507254625,12.000402236022444
327.28158938444653,12.020631138457482
327.17264910332506,12.041001335259931
327.1764746138756,12.07780984448624
327.1881483957281,12.076762134297349
327.17983524324586,12.078484460014451
327.1736234521559,12.1039239422975
327.16998179339964,12.104110509691155
327.1605668261876,12.142272625466948
327.3052773140346,12.075901431268605
327.3759332512486,12.108102490630223
327.3391005730879,12.095532408924027
327.3598721126212,12.116438830352351
327.26926687939743,12.096380691208406
327.28278682325987,12.116945220500325
327.2522062764098,12.106579513386363
327.3309845103808,12.153269102293581
327.2877616925817,12.127086140029267
327.3025650191271,12.140369816551754
327.2857415525747,12.142978584203627
327.36596017333767,12.151731990640513
327.40547091984064,12.153831441375331
327.42309376135046,12.178881672694093
327.4203971390356,12.19893600138646
327.4377448922432,12.204842338133606
327.3869955279086,12.1790283766069
327.36506668365644,12.179386469766216
327.3660087887131,12.195000937212953
327.3474714712007,12.20862982362709
327.3539071449842,12.210102602602298
327.4189891639073,12.229502319202911
327.3750797891666,12.214851084797768
327.2022997844947,12.121669888263158
327.2331056202845,12.136508568784478
327.2276857842198,12.131436443300988
327.2387927175422,12.154461135170832
327.1909076991827,12.152021634036284
327.23538303100526,12.175594150118462
327.1888919046537,12.179532780648296
327.19949207467664,12.215385979374451
327.2665782316367,12.210659846076233
327.3146235301423,12.25424208565583
327.31906145169336,12.255169370912508
327.2917332779038,12.25585705150335
327.29606433773927,12.27514768021104
327.3318660540998,12.284699200912652
327.31778555276776,12.307851036515087
327.27108744140605,12.320285877139481
327.6507123035476,12.054400697315586
327.6273695332081,12.070852709911401
327.59927982616165,12.114144733564974
327.6251250212117,12.129788464181596
327.6480652413407,12.13887875273178
327.5674547025357,12.168309105966907
327.6106130578538,12.155316933842737
327.61884259231914,12.14577072104586
327.6489596203606,12.181553638571657
327.5751679647637,12.179469415238568
327.53831476781244,12.167326192171872
327.5522477953623,12.178994718296147
327.54546599437475,12.191522528300922
327.4997351832827,12.186312233238475
327.52411650624157,12.181545586404916
327.5755295193575,12.1929783082716
327.57706666988423,12.21661518478701
327.56631222983066,12.231983691603558
327.5507779849642,12.234892878147441
327.61952676159365,12.212196368925904
327.60287555844764,12.251461086044342
327.4954409822726,12.192661673268969
327.4650542952295,12.235976585198792
327.52394537561344,12.280566541418226
327.4604450098856,12.244128530861099
327.41050913529403,12.25326529922025
327.5106401749027,12.30133067683051
327.4613755567922,12.306461527820138
327.47812776377253,12.30064815473014
327.48001089145754,12.320000212407026
327.377403644686,12.28867346904874
327.3818327704297,12.327187940557517
327.3631905307127,12.352261281276949
327.35593015085345,12.354325168533192
327.42600066031304,11.88660905275162
327.3532292348515,11.902741813115814
327.41763936861867,11.914595597326768
327.35780128886137,11.91504264827217
327.29614128328643,11.891700095739028
327.283088171701,11.913197276326144
327.3506992224956,11.955868346140317
327.2912386060598,11.945134418375044
327.2612724247652,11.96114347102138
327.27210034385115,11.96550616012778
327.2734185593678,11.969122643534849
327.28026133938295,11.969207580328895
327.30535062023137,11.969794827488073
327.3150366569222,12.000372771024221
327.4775883344957,11.915736615734563
327.54849116281105,11.954815650230989
327.4249842353148,11.935509668685306
327.4668193351764,11.943527108190652
327.4112187358079,11.949040201414903
327.43863135901665,11.961440281606112
327.4316808277784,11.962011268079223
327.43449306140013,11.98149052240119
327.48127327380877,11.94979985150143
327.50001073977285,12.00223980568723
327.56729731048557,11.970026069931466
327.5688337868483,11.988108292276259
327.56541961247484,12.022448235513858
327.606233293572,12.065249005277375
327.5713112591838,12.064629546412094
327.5675585528093,12.095419828112961
327.41134891442306,11.967901372538734
327.4558222387598,12.033842844857569
327.4252983087332,12.028107945923217
327.3719158950991,12.011731974101474
327.3571761941562,12.066920910806685
327.389250312334,12.065942893716077
327.5336477650264,12.104582371413892
327.5257807626107,12.104086383286635
327.41676493731734,12.089546360939245
327.2193629617241,11.963929909033805
327.2186132254567,12.00990892448003
327.2195881933762,12.015848739807378
327.17771995351814,12.006044941431579
327.2398299286947,12.080890409205045
327.1868373600571,12.062821860969592
327.18249259201343,12.074806165026818
327.169970207454,12.109924489625387
327.17466238847766,12.119909920776498
327.1678865230792,12.131108808635028
327.1599815843565,12.13910318379658
327.28882711729693,12.045006487299103
327.3031039031143,12.072131535599983
327.3365453841794,12.117543806475645
327.2518073521305,12.1292231169767
327.33170508901304,12.138328382727227
327.32207375204916,12.142684468011922
327.27145582876244,12.134294245156694
327.27667689271556,12.149571286567532
327.4105106502576,12.122919992296435
327.40347700034863,12.13751250194563
327.43708745431,12.195753484175043
327.4315231081154,12.19763678806514
327.3719201082334,12.16027737004016
327.32835430278556,12.185594274424181
327.34313859768395,12.183978027337547
327.3653391409547,12.2078314732654
327.2374974197739,12.12584857626125
327.194459419771,12.129462187669073
327.1987096786912,12.148829666927156
327.2631081639732,12.143672524207227
327.18168914387,12.2178621189953
327.2127127016384,12.240497897264692
327.31400289903564,12.213116977672014
327.2912686034772,12.214981754139474
327.2819189343871,12.22050273538529
327.37996827146577,12.252427743875034
327.27352864588113,12.238856586932641
327.2528928191902,12.236004310257815
327.2594260949421,12.254936503015822
327.2591531211083,12.262638334064574
327.2495866368548,12.263407068937132
327.3021527216162,12.283435845675921
327.3204949432039,12.283218353646353
327.3148401405049,12.294650984837789
327.3110112198652,12.287132366457444
327.3180527589312,12.311139571697462
327.2287345054808,12.294113425205504
327.2920974560545,12.321394640746243
327.58902414512727,12.108106469513753
327.6040181790014,12.11768891315821
327.59621244497055,12.130374450468272
327.591578712894,12.149713823454965
327.5494364505382,12.13563884402194
327.63040285108394,12.16341633473444
327.6146436557508,12.177812828044203
327.59670451946204,12.164633353048831
327.53339855214875,12.160463902566246
327.63697579592497,12.210169025501928
327.4873412464108,12.22318748275272
327.5245157107831,12.228541735742585
327.5070634887962,12.233588317330776
327.51882790070874,12.25251932917435
327.51753165466715,12.264899794428974
327.48079778999886,12.278866859844305
327.4861153457979,12.284891312526634
327.4794984777734,12.292565069476728
327.47604866191745,12.291832312627648
327.48964156591745,12.314650115086838
327.470348641666,12.309371323410845
327.5063761818224,12.323878079733536
327.4509987468897,12.329672555669159
327.4146026492271,12.33225271350224
327.3550800307454,12.31195634419275
327.341117438302,12.327596921078545
327.32147419132764,12.332230689305995
327.51616080681856,11.890664688049075
327.5714756325947,11.93357156135174
327.3760151645301,11.874405236217486
327.34632229930793,11.88798426334684
327.3985825472093,11.932087083778944
327.29206198942126,11.89748898541907
327.31800963640745,11.906381200692055
327.2626802486364,11.95410931463271
327.2695898182321,11.96718337211699
327.2722046829769,11.978733185986803
327.4771863710702,11.879240808130708
327.5096449305255,11.904612185803632
327.462763548616,11.901072773630522
327.4794731083819,11.918027408861496
327.45361040325565,11.944433925738695
327.4155714922291,11.93136331600006
327.4999598543627,11.999509096114268
327.5569447410931,11.959848532898867
327.49807832430093,12.036340336156222
327.3912310197996,11.999928360957794
327.4012915212416,12.003177719029981
327.39444505772053,12.010087390470764
327.3621918372252,11.99959501243123
327.3687731344274,12.032364822976385
327.3928244413091,12.043427357897036
327.4301102669546,12.061911286413734
327.3525088337704,12.06014594229089
327.360801413902,12.058208890984254
327.4838486218298,12.032121347927301
327.4850032016216,12.048645875805237
327.518109383409,12.0604916579714
327.46065553894294,12.04902006285254
327.5451975770769,12.108619025637749
327.45138446877786,12.098971029408474
327.4554586472208,12.111894069437355
327.4183963814788,12.113016581999359
327.4898391718,12.114940007373262
327.50776048461,12.152096430678927
327.4768254329884,12.15294586534639
327.23494943346265,11.997926464771021
327.21133164044005,11.993412429467314
327.26498592647266,12.05250460100437
327.16069510854805,12.06967742206336
327.17073154116025,12.117857707470408
327.29191466661547,12.04947938296612
327.3229160841908,12.05583662599999
327.3224488236991,12.102849374161956
327.32221061381136,12.102954679193711
327.35869756361546,12.118619987207195
327.25388378527595,12.08825198818652
327.24815569266616,12.121031914831246
327.40904576215036,12.135032842167101
327.4128476677261,12.18231940284682
327.3116398129764,12.182719577127434
327.37975730429747,12.22657759583356
327.36930406912154,12.22636668880529
327.39181173703616,12.239162333132837
327.24126834587224,12.135132319566955
327.19588040081845,12.142002879824256
327.2743217308857,12.175979962579577
327.2317563025131,12.178394564514017
327.1776253576574,12.149319780445861
327.1939775079517,12.163235768801567
327.20207981685985,12.187389592532721
327.17172308389775,12.182391180647484
327.19528208542226,12.233729202963477
327.2205151108938,12.237175178382316
327.30315245105163,12.188291488344028
327.3029415715812,12.23984491928249
327.34559332227167,12.232729804944691
327.38065989051296,12.25503832556969
327.24104360936786,12.236391242324077
327.25274406990536,12.250938507575583
327.31097237280346,12.293861308601887
327.31172864428015,12.320193546272565
327.3052244914816,12.318777944453851
327.22442446777956,12.277663445076449
327.63112399489785,12.06754264357122
327.6586018884248,12.09257187419662
327.6395380755561,12.153901911114339
327.56638989163093,12.131731479214402
327.56451861445964,12.162383021234577
327.5147070329361,12.161351719311384
327.5477978471345,12.190204819865778
327.50949220115973,12.180417243427264
327.5277231580432,12.18390425624407
327.56929056270627,12.183030066337475
327.5629722543338,12.195284809511493
327.5717614867422,12.224046915620013
327.46888984564026,12.220507518750132
327.5384020062228,12.237479518675807
327.4943074564178,12.253086833726988
327.51998427715415,12.276007235054923
327.44871996569884,12.245557320817685
327.4259518776433,12.276197260112376
327.461690081992,12.287307834645468
327.4566098153629,12.3009462818347
327.490159009362,12.315863173119622
327.5336946363629,12.285513720577015
327.5078955407315,12.315722637102963
327.38436164301953,12.273732228001803
327.37572352953214,12.305754123204203
327.3853740716254,12.307401985713284
327.4059182819446,12.327861686086292
327.37500456647405,12.360729338826632
327.47143995535816,12.346256976216232
327.5308526646903,11.898967717624068
327.561691200621,11.939606937849165
327.4130981187364,11.892942231705746
327.4080396944598,11.899044280091376
327.4078514441321,11.919827765459114
327.3802161747309,11.913526019214519
327.2908303295714,11.89210447692812
327.3120093318335,11.901377936992414
327.2803339764059,11.900203211535716
327.29464183959476,11.910474125894005
327.4995523397552,11.907235008260697
327.4901267282379,12.01594251869093
327.5817268333953,11.990526975970878
327.6281932808999,12.026406771496124
327.54287869978754,12.011429181518242
327.4960833808074,12.036109685858465
327.56464526595045,12.07388735820704
327.39041453097843,11.995134142314596
327.3977466041108,12.001644504672846
327.41516883030016,12.03037132690689
327.3532967565303,11.990995152369742
327.38424707792853,12.019314818485345
327.35204850056346,12.03609879944163
327.36312779603156,12.04526474999182
327.5000093356848,12.058201375803353
327.5100763059714,12.110976924213162
327.50876521852695,12.125528614944857
327.4434221873364,12.076049040497395
327.49463681519984,12.122385258274896
327.28403670005684,12.018404922488278
327.25084438295755,12.034389798040014
327.18663472593164,12.105959483837841
327.1670875825292,12.103865668867527
327.3056238944454,12.035854577897261
327.3169560385799,12.052621785631864
327.26570698495226,12.066815436439684
327.38047296525684,12.094889543893993
327.28076182546164,12.1107552401338
327.25823663696644,12.115880758887329
327.28191572875494,12.120884027023912
327.27742631403464,12.141811519069424
327.2835860978645,12.144616271365326
327.45591060110246,12.179382010516818
327.3471929224153,12.184358203361697
327.22282406968947,12.146996620267794
327.2783524275311,12.18862112325152
327.2458228769654,12.170903267973511
327.22944610494807,12.2035562355949
327.2393058939269,12.218880402926068
327.2130044815551,12.222712974881858
327.2693775609679,12.229309149710957
327.3128691879913,12.29342818566933
327.32205359180756,12.299127090742374
327.29090556494623,12.281104808079236
327.2155832986429,12.283304101400255
327.59552150755314,12.081351789622449
327.5955041905115,12.084981555242072
327.57689201102846,12.095549589691787
327.58360148456103,12.117200300280071
327.55976340466447,12.131348744027068
327.6078015120711,12.137723494476502
327.5306198479542,12.135006712283175
327.63300561763134,12.190266779681412
327.60843802640926,12.196281439202362
327.53068264198265,12.15983291019535
327.529884766825,12.166093631969723
327.5192003919936,12.185052807095602
327.5592274372279,12.24330379221533
327.6362297119849,12.202904535011852
327.48355119398667,12.23202896193381
327.49862476119057,12.231744972698287
327.5070748654628,12.254526960506965
327.43466529857864,12.276352152259117
327.45974583400096,12.291782594748202
327.5517461612737,12.297247412954782
327.57086060598726,12.299601804443647
327.4123289511973,12.283170718887277
327.373544511896,12.287832373035862
327.43246093270454,12.328525835019045
327.3493046125534,12.303286223374258
327.61256008639816,11.971449869576436
327.42354220375915,11.89637736583271
327.3283125762885,11.883443599043334
327.3985338242993,11.942830011023364
327.29424214926166,11.904839342518496
327.3543743244898,11.936881189179262
327.36475228165176,11.940951605764399
327.2409424777166,11.93519249129865
327.2625889661523,11.95397337158624
327.27114903823053,11.983061686631933
327.5102554474364,11.917428365755697
327.4548944659535,11.90432719474492
327.44436183668876,11.91052922842077
327.4881304768504,11.989183779127844
327.50481243158316,11.992699072216867
327.48487596715177,12.013816251529926
327.5853892834163,11.99834599433317
327.57343922680485,12.005283421828484
327.606985046691,11.996315992758358
327.6025548945984,12.010761970533649
327.6202786196124,12.050547298027341
327.6101432074635,12.04483455810457
327.5298273466864,12.054799018853053
327.5853014733223,12.04844329024618
327.53664747536135,12.062132097023643
327.5769949982198,12.07142222843088
327.4307328021548,11.989067792087464
327.3638847370512,11.990138817415458
327.43499630740905,12.01880384991403
327.4709815898651,12.016760751746071
327.39771163172895,12.02622272817051
327.4344853228285,12.058867962863562
327.3447570366937,12.001585946224193
327.3543401109192,12.0300566148562
327.38358301841515,12.05260117918917
327.37814026956715,12.051235064337769
327.4408523480384,12.064860628982851
327.48072737067173,12.064248038207891
327.47546489493766,12.082568549434493
327.5167923710606,12.104333525759122
327.43502204478364,12.076952100388315
327.4398807015142,12.08084830934349
327.4261702442018,12.125907393610806
327.23691075445896,11.973624737588077
327.20149808197095,12.010236540605925
327.24593223945766,12.012090834090252
327.25811246661783,12.034361107435418
327.2182435811475,12.028504180816164
327.2532752176183,12.062018989664676
327.21428660070444,12.066323254974051
327.1648510335649,12.092058175125123
327.1925028557625,12.095480202358758
327.29375855930533,12.038966056867071
327.2701249159788,12.061369924919953
327.341030266277,12.123465327311317
327.2608498085763,12.084780092509945
327.26402995881466,12.094593362068359
327.2350330588825,12.100582928537294
327.25727703260543,12.110992968501696
327.26862088059005,12.140385242917192
327.4433234963937,12.19835566105213
327.3769450468662,12.179746088992589
327.2141594500093,12.106453034171745
327.1659756219152,12.180299698978379
327.23650252622116,12.20843863240595
327.34420608324876,12.217009690212633
327.28463822402637,12.211644756303304
327.2873046735672,12.221110355562853
327.34255223932644,12.294492456159645
327.2984797149738,12.286555466362133
327.2426200298049,12.2877724241343
327.6367300510541,12.091113056238825
327.5793375939414,12.09377510101039
327.6062906653927,12.111351301390842
327.6267425296846,12.126928218369441
327.63718502090006,12.146877833570707
327.57430928091424,12.150771911461058
327.61379684629435,12.156078454268409
327.6385838506287,12.172616919680342
327.5960629075259,12.17919972093017
327.5978986759374,12.182786692388905
327.61645960305003,12.197609647609932
327.4952573862674,12.174839376659424
327.59292706359054,12.221336088133267
327.62059207770085,12.230063944975914
327.4831552269673,12.227235701130128
327.5091185142089,12.25687603667804
327.5389131483557,12.266989276318391
327.45854312012244,12.250577792422817
327.39583260895336,12.253528090192747
327.4915024063242,12.2636573470899
327.4945711564311,12.287040234080116
327.4747564273974,12.289938548879718
327.48916221395206,12.311009046000041
327.531053331032,12.300961991257504
327.5067837150739,12.316634401515973
327.40644234669804,12.27159050392997
327.46446436685903,12.332830112381837
327.4488646786108,12.324422623960144
327.42067639885164,12.32689937442095
327.32570365327615,12.316410262159115
327.34669849723656,12.334299360818
327.3970602738107,12.346784304476605
327.4199345560671,12.35954193471529
327.3219084624537,12.348246021142439
327.4533366982043,11.893199941018361
327.4227739289988,11.88633162523333
327.431401139349,11.905572984807273
327.34557003297977,11.882092677206863
327.40654209537564,11.921659367615137
327.39089706114606,11.916773153387496
327.40360929075,11.935815987202222
327.40115896928324,11.92331275666186
327.2264018514726,11.935952198684147
327.3106781607239,11.908438198534762
327.3475399509097,11.970457915491018
327.24782754903595,11.922753735542623
327.228538547859,11.948808816908231
327.32754016814187,11.978964673374607
327.50123028930744,11.929203169293341
327.4733103539957,11.929091702958477
327.5236356553824,11.912985460162117
327.5424387722513,11.95067140183743
327.52808528198165,11.969492906956143
327.4320235804064,11.92747554956843
327.4315852926187,11.928649192007017
327.46281414919184,11.937238652677786
327.4539769462528,11.953742088376597
327.49888863268535,11.966347535876341
327.4920161704829,11.958673324890215
327.4713628028109,11.977837507840277
327.509064026523,11.980728921530691
327.5622668098638,12.015483499108214
327.59384435431014,12.023658009506526
327.594603542481,12.024165224500642
327.53003925150557,12.021604175527516
327.5050202271822,12.012309631216882
327.50925726674575,12.023663014203382
327.5158034585402,12.03922560759208
327.514861809281,12.046033425852636
327.5101853520733,12.037525666229739
327.39339739830046,11.961047088533203
327.3751070432217,11.986545774997197
327.39539557949035,12.015079345685379
327.4089710455956,12.024276796802422
327.3427052443467,12.032348742514916
327.39141038215814,12.08606425113674
327.50288508703863,12.056197182269722
327.45841703737153,12.045994712761761
327.485460607012,12.09077241238897
327.52818225540926,12.06785098126035
327.5203631605577,12.07480606184045
327.50157965781335,12.084525243756028
327.4289131135476,12.081146625710536
327.4594697339057,12.100750902965506
327.1961379890419,11.99813521653632
327.2139324617245,12.019188201974307
327.25635776936844,12.008448006048127
327.2953708787869,12.030268256409554
327.225608475699,12.01829433353672
327.270768953048,12.038046930772675
327.2159693969723,12.054236220414943
327.16086342386404,12.094184733874915
327.2959991435193,12.040324746942453
327.31711123644845,12.081778949834982
327.29635055352145,12.093482630350989
327.3130972489081,12.106562201775352
327.27021847685836,12.087497598287122
327.2983584896807,12.107947377930868
327.3145391069169,12.134406963069031
327.3940008958227,12.168148976299442
327.409654466901,12.218339191478172
327.3822914737624,12.240656780985754
327.38284046607464,12.231539769571148
327.212471799539,12.120772873015476
327.231734030879,12.17854111165765
327.16216684759974,12.193500666455801
327.25135822254134,12.209422553114146
327.219383897207,12.233985068993196
327.21176974590617,12.261958759963797
327.2574564626199,12.315340850754938
327.6346045151695,12.101089906904754
327.5761354746672,12.114504602187179
327.5402679029049,12.170704071208466
327.51049841201973,12.179473600266682
327.5432015685912,12.198219117752718
327.57771801986013,12.201882655645925
327.6148487279363,12.237781432644189
327.4967180631854,12.20287159599298
327.5083699861671,12.210978784555344
327.4766045503433,12.237448242667096
327.46952635940335,12.260749953429459
327.4768343518387,12.30718944641907
327.5337698318537,12.327129998709658
327.5131631635211,12.32851489050818
327.4963666272109,12.341123742310927
327.3995364034286,12.277981369173208
327.37810728738964,12.278387079200327
327.4113142062153,12.296312558128918
327.4367421662722,12.32914762335173
327.4148417776437,12.31230613404065
327.4323100228908,12.328654023807763
327.4466770825081,12.340386139176475
327.34007917313926,12.306619883049402
327.39530694916317,12.342265753178294
327.4050312303276,12.362564518175358
327.5472466306684,11.925984196845212
327.59693153255,11.967616853865186
327.4164493433584,11.885987516665475
327.42923579355806,11.89780054644482
327.3285853480164,11.885756853033723
327.3008908021801,11.896673861130859
327.3322801713229,11.942904151539137
327.3397717615889,11.962551562878659
327.3035330632533,11.947861453465267
327.2547039204873,11.967691390108273
327.25517912113514,11.96272216760858
327.2889942048466,12.007437073748056
327.47990563578423,11.879979037805079
327.46386121424996,11.923493248353102
327.52512905679987,11.924461756181191
327.54503841643395,11.939855078881381
327.55162572722486,11.960151214981178
327.50526437118276,11.934215821307562
327.4754931926751,11.99075679755797
327.47950269051535,11.99930743667599
327.54692225793735,11.970316421242186
327.6131759532956,12.003850293135892
327.6038468404868,12.004244741403218
327.6380643077507,12.024326529733205
327.6214117027292,12.030100411061017
327.6092471339553,12.047286031532604
327.5368104673995,12.020344469563014
327.5679944932977,12.040387648819072
327.55087335035944,12.064731052505747
327.571236536274,12.096908577433295
327.4054832017044,11.983364546961914
327.3911959989478,11.989351195956047
327.4387040329944,12.013442601957472
327.3986976349026,12.021425306580882
327.40716513256444,12.036344365326721
327.3609927188683,12.021354085860413
327.3722056183961,12.034850683118202
327.319633196746,12.02580871469296
327.4828673931262,12.075091545700293
327.53434888590186,12.126061672840308
327.46234551086997,12.08978876937355
327.4748382777591,12.096495930387555
327.4689691415115,12.15327720813892
327.2194779583102,12.012989065553233
327.2602700745543,11.990192097108052
327.2474990154512,12.018363371904693
327.1706879563656,12.052814021039495
327.20304927126796,12.038718767467433
327.2357918831923,12.058779144703816
327.38280793793683,12.101082901400531
327.3352447009049,12.096567832236094
327.2668936797626,12.086616839914047
327.27555676793975,12.12398606667941
327.24406078635207,12.121740631019128
327.2578301524099,12.128624646185543
327.28770853346396,12.127318298152392
327.3096567616924,12.16285164623601
327.4454477522931,12.192895923189667
327.44703497725413,12.201827728331901
327.3498535494332,12.143362705959525
327.3615369648434,12.15490450152365
327.3887308847859,12.197511910960674
327.3880219261386,12.207509582274643
327.4261355148217,12.208182127789104
327.2440434590937,12.162285467601343
327.1913519607288,12.157322168206177
327.20347156168543,12.171527728906542
327.20036213758266,12.185573731611715
327.29479843856325,12.223921454196168
327.3557296403746,12.264237407292041
327.3239015063491,12.283581462914428
327.2782802039039,12.290065520307488
327.2073283516721,12.255156189693254
327.28607849849726,12.33065634135118
327.64115560837615,12.075965454592822
327.64766009738315,12.091879607864747
327.6190055223957,12.108703182339898
327.5699258332471,12.175845408877409
327.4992412773239,12.162072182163163
327.50513449351644,12.166409275849848
327.5805273686489,12.188907390290893
327.56343349423594,12.203106970256343
327.543452992668,12.220242821630448
327.62219740282086,12.233993598797568
327.6006795926517,12.257185778221974
327.4793790639237,12.198815221038984
327.3962956082488,12.25321201119961
327.43823412534726,12.268806115293533
327.57826265705086,12.274190049725686
327.536066012136,12.301002161851947
327.4923182728766,12.334771086048393
327.42010131718354,12.330900026133138
327.4176887204494,12.344836429512243
327.37714951216617,12.354608371350517
327.4722348716731,12.34567853121098
327.5406065226607,11.912835747079422
327.44920208998343,11.894889129789933
327.34023789691645,11.877416884213025
327.3554320141215,11.883230733445297
327.3341305080661,11.892890447902792
327.3060671481879,11.907288116792026
327.32813914064224,11.929983959371219
327.28026350976927,11.968466729268247
327.25570609177277,11.96784178745312
327.5168999927386,11.9144098982558
327.46823830083787,11.911723224572608
327.4587523304101,11.927913125478982
327.4529246141329,11.92141644467371
327.47074184387077,11.918723544584399
327.4883383437771,11.955927796308979
327.4645253562905,12.003956572100185
327.5854907072267,12.000191091500092
327.57536547034493,12.000746701697484
327.566350812704,12.01006594932685
327.6031421809548,12.005481183176542
327.60854441985947,12.020074873273074
327.6388444528367,12.02698098500996
327.59615769150025,12.025375344010005
327.5830487628381,12.020176205065138
327.6203004930148,12.05025792352768
327.5967075572991,12.048383912696787
327.54694617548444,12.031885749212385
327.55095823393077,12.035618587884727
327.51378270970787,12.0216677500193
327.583862855679,12.071145882121815
327.5573636616849,12.089927484455988
327.4171189021174,11.972172202336344
327.4166965906429,11.995438359917854
327.4317667909868,12.024659778790102
327.4226911930973,12.044733466460242
327.35720595403495,11.999140424122766
327.3659923029553,12.04021071700411
327.34476264631314,12.041889027155733
327.55733258819976,12.09979470923773
327.55506080557166,12.103435199621227
327.53444994654836,12.094235901086813
327.4962752453223,12.110714414670188
327.49955234612014,12.129797894157132
327.5128162456072,12.134929570928485
327.4759862109894,12.148587537801978
327.2283832239566,11.967479247351744
327.23144410322897,11.97603497779521
327.229022221711,11.989000693755868
327.23238970143916,11.997828398846119
327.19413301350744,11.979140138404496
327.2007830374549,11.99924540140905
327.2619160452476,12.003785178896635
327.24846247447283,11.999754530809657
327.24822421992457,12.02970661275345
327.1858962052495,12.014522187237114
327.24419865073844,12.049231481325258
327.2475864932388,12.067827842825217
327.2210006405186,12.062151564965076
327.21874688857326,12.064533152183127
327.18178636041233,12.092113731226297
327.1628826799398,12.124598282528956
327.1720911887008,12.13516335415963
327.16946708860803,12.13933941406703
327.33617855958676,12.054061075430061
327.28082236415514,12.078853080657185
327.29700292892255,12.092491518419722
327.34564994136264,12.080576055797197
327.37288152809856,12.089491255223184
327.372213329804,12.10446454911976
327.3444166519899,12.1041252992187
327.27681526560195,12.07748600984336
327.2459540677299,12.103300403726273
327.3107605677697,12.109369060850474
327.2728342226645,12.13592559931296
327.40206944185866,12.115649307900075
327.4066942080207,12.161612783619145
327.4457805723292,12.147652910720975
327.35807953970976,12.159624420577957
327.3208162910013,12.184117887932906
327.33267451370534,12.19490912586945
327.19981434202026,12.13952744974768
327.2197598852782,12.160479906068488
327.2020692159504,12.15526097302954
327.2001613990839,12.168396477348077
327.2124216341872,12.17699597596699
327.1802661110398,12.20494849255436
327.2240741088268,12.183722038344515
327.2452655988668,12.2287775350889
327.2974988890487,12.183708093109344
327.33799771785067,12.250753177732813
327.25091392339095,12.266659176806334
327.2703324263137,12.281226514946884
327.33990251317107,12.298783191171138
327.2920510889335,12.297924352257075
327.2138713571941,12.254404844429487
327.2129191618088,12.26087739850803
327.23112678508227,12.272968077306814
327.22226715627136,12.286003315962416
327.29891393006994,12.330481040368726
327.6547921707645,12.075573015797708
327.6486532286283,12.096018092214381
327.62147249794737,12.122913467697257
327.56717421328716,12.10692599037789
327.6007753270149,12.132373569473824
327.53548736237235,12.165747640683335
327.5481636581999,12.189931250162099
327.4897351992748,12.173936538154337
327.52786589309096,12.192352844655353
327.5327532549983,12.220741094234802
327.5618692360987,12.24179425958179
327.45604755842226,12.230139509269394
327.4962783067635,12.231870787106514
327.52758316264146,12.240270039545658
327.50600697961914,12.273201522768538
327.41950577611465,12.263677926690402
327.48081884372044,12.303723169571427
327.47830020568597,12.326323915551527
327.53689870635776,12.288179181862631
327.5716574075007,12.297173598078672
327.40174775501754,12.271637322950644
327.4223735888271,12.288401462840515
327.3605844356321,12.298826352939491
327.3837196109184,12.320865129871063
327.4269086759935,12.325738278769022
327.435867680591,12.345889981966774
327.42844605883033,12.346553003083745
327.3584102643913,12.30178382920208
327.3659604995248,12.315558583197738
327.3692590521868,12.332810773862924
327.35551227788915,12.337217778680268
327.40647401068736,12.363256306526347
327.46402722243704,12.351211065449368
327.4585100829339,12.356218583739343
327.54584214789196,11.919567422470577
327.4179799968847,11.871924075310165
327.4437643143864,11.8809435567983
327.38557433921335,11.876579960981255
327.3516651931925,11.876222754051179
327.4243322174344,11.912162135203834
327.3748493993577,11.930174811790314
327.3132112392455,11.884046787559885
327.30940012415454,11.897036232289098
327.32310148823245,11.901061161425458
327.3425994589752,11.913529929629295
327.3700546859546,11.93012097124071
327.3706489439302,11.93275265385681
327.3658268769273,11.969793598701397
327.2875507114022,11.971651713853772
327.32163686305074,11.997451895775695
327.4726370806885,11.891912055222413
327.5169029403371,11.912541805217765
327.54560536228297,11.96090697354944
327.5098400955395,11.952625240745645
327.4538240426073,11.92779526932369
327.4430552021726,11.94176728470852
327.4030391271078,11.951093935422987
327.43554538181695,11.963479816264691
327.46234394351313,11.96498917419598
327.48030215891714,11.968300364312483
327.486286946729,11.991123815464821
327.4616330909156,11.985211001095463
327.4562899872572,11.992751260697066
327.5669835177294,11.977965154094433
327.61211674489766,11.996357828214686
327.6006126522933,12.007041225899611
327.63712234643856,12.017136679078378
327.61966770999516,12.021489048138852
327.57980375895556,12.032506214059541
327.564196958859,12.027770424504652
327.6021757917679,12.066890079490213
327.58198841949536,12.076616328751005
327.4048768571346,11.995935365150247
327.39553440251586,12.005484665567888
327.4219132563603,11.999865542195021
327.43775399599105,12.039550919087354
327.4442155539129,12.04708866293641
327.3582788610062,11.99550084776482
327.38659529141273,12.04037827944551
327.38695609295763,12.067975864367124
327.56099366862367,12.104345591268295
327.45063666064635,12.106305438487523
327.5164047862354,12.134244136634328
327.5095535105843,12.134746229709204
327.1978231796092,11.987402464526975
327.21255298439644,11.998192055755089
327.23459932419263,12.004630689788266
327.2029615828759,11.9986494207306
327.2921416599798,12.01917126807447
327.2203813151268,12.040646246696069
327.17375747977195,12.114500700121559
327.1549799505371,12.132237112409417
327.33303247505063,12.072760001763692
327.28308863930226,12.057387604176508
327.2735600526365,12.059502837486802
327.27466388471987,12.069645467243951
327.3093799700894,12.071459269873047
327.34572454267703,12.078660502200583
327.3562652428879,12.07620905111027
327.38195547934527,12.106715116781713
327.3592196423711,12.0957257902572
327.3567128429946,12.101628402350952
327.3262185549927,12.118005216062716
327.3256557647125,12.111868006559737
327.26780253996174,12.115360476866567
327.41428653415187,12.14806276197139
327.4023004536728,12.178998047782292
327.3754124470197,12.186576817509636
327.4043815421205,12.190443993831686
327.4059164351611,12.203646260906357
327.37327123644263,12.194161579796225
327.4234054353239,12.217263122637856
327.40622364024364,12.21212039957727
327.38674634975166,12.244213580004246
327.25441893569973,12.137521013255745
327.237299414058,12.140935307980572
327.2159904470435,12.167026486038395
327.2494346080453,12.201256580336512
327.16698800929186,12.179700122230495
327.180009632952,12.191944915652195
327.16677111734623,12.199564558609413
327.23842617290137,12.201046129121384
327.29780947832637,12.185230228605274
327.3186274250004,12.19208909237596
327.298433165428,12.1944178103592
327.3132193592598,12.205817280001291
327.32551038094107,12.211586077014676
327.36372129548795,12.231718542627702
327.3326722949313,12.238904091248314
327.2814748830665,12.239786261965957
327.2341373835016,12.260621731408015
327.2674696182979,12.280128778080709
327.29797024519166,12.285830420980904
327.2218068605063,12.273901564635509
327.27670651318914,12.314151363128262
327.28013816879707,12.318197226343296
327.64145115963777,12.083492685487897
327.6050409934045,12.107280779594703
327.55905307853425,12.141640238183838
327.5384450056101,12.136401124942784
327.6090492295459,12.21763204755558
327.59033950142674,12.218886394948811
327.5686490802548,12.240587024623627
327.5896726098675,12.252163918910945
327.4758565221064,12.186961886155425
327.46465245130776,12.195576805582471
327.4929908728393,12.222758531653229
327.4532478526636,12.229218776380696
327.46968769552126,12.225615780045736
327.5359643168925,12.232638994329971
327.52729008114227,12.246506280468976
327.437341018412,12.233275181720074
327.4153369780075,12.266198452152027
327.57225355770186,12.297519018728066
327.51362464077073,12.302280484395823
327.5145495836627,12.330600923699967
327.37675961859793,12.27487048879948
327.4169618356144,12.278547018960586
327.39080588030436,12.32222281747527
327.44439442375045,12.305908882473389
327.42912975367284,12.314991815497216
327.3584885650753,12.30711746221635
327.3521647995828,12.317375523306023
327.37162338277784,12.331668138239145
327.3229357778239,12.330823040663983
327.35518211782295,12.352214083948764
327.394346869295,12.346254173612799
327.55015859111967,11.93108887254822
327.61328300177775,11.985358306517382
327.4640061504406,11.876645719251435
327.34029536511525,11.890936895293594
327.34925824753907,11.90361935754934
327.3953060892115,11.890674404539949
327.31805894861276,11.915345377679294
327.2682889577383,11.91084169302051
327.27841397039987,11.913226691952012
327.3820954982094,11.942581053443904
327.3848473957465,11.948223301658114
327.37329111882343,11.951683090000143
327.375821037243,11.962077174893942
327.33904432941944,11.984881991187166
327.5081142255806,11.922243307422567
327.440678583234,11.908603040066499
327.48129305916393,11.930333249391845
327.5121338264348,11.951999000121402
327.51414766292476,11.976530834888788
327.4291203325435,11.932693910057115
327.43196853246775,11.943100944081609
327.42976313823624,11.947146632885925
327.43547972366673,11.977378989347974
327.4277130198563,11.978899069818114
327.4807996082986,11.966178853329462
327.4742447686514,12.018816204279878
327.58224490945514,12.011091546083255
327.6102792959838,11.995298674864975
327.60273442373943,12.004728118828089
327.6063450068048,12.005335812080125
327.59827003968536,12.035728387680969
327.53605025860213,11.998291035393034
327.50256533309937,12.005666553454414
327.56588072176595,12.06382019966815
327.57530794511587,12.071704204082158
327.39300712504536,11.961686976932643
327.41198280441887,11.965989740564613
327.412383444192,11.99091539207064
327.363320324625,11.996415972281284
327.45515953888014,12.009596071358096
327.34506727595186,12.036332559853477
327.3527123152485,12.037643349327507
327.37802217808076,12.068567215154705
327.4829439119846,12.042513275899177
327.48660580183144,12.057461386819886
327.4525335769781,12.07637660531177
327.4857008862142,12.092870703362914
327.5074942697428,12.116246989304171
327.46506609171036,12.105972672029639
327.2256522278221,12.009316891664472
327.27705510893554,12.017697245757816
327.224433446593,12.027518080874254
327.2497943853748,12.03645914217013
327.20704951054734,12.018266115004133
327.18522383369674,12.039725142902034
327.18472847132887,12.084617836942442
327.17823447409876,12.099657502321506
327.30927051588225,12.07116708984855
327.2641833769507,12.08568819427383
327.31375121500633,12.132239036079643
327.396160588029,12.158990665385016
327.4435847491035,12.14772307423012
327.43718123240933,12.212267452887687
327.34779088817464,12.147977554926937
327.3463105717523,12.147009927628273
327.3628964351419,12.175865435997881
327.35781650863044,12.195004199086087
327.3541924463495,12.202615595184955
327.19864335826014,12.141138742980226
327.25670541129864,12.149775241548777
327.2771579195503,12.158245641286872
327.2855427084343,12.17417272895268
327.2448797678252,12.191131246692645
327.17354999023104,12.162789381496108
327.17129557765315,12.201502557910622
327.22552456162225,12.218123223358097
327.23113476396287,12.239667226125308
327.2238231921068,12.245333610160184
327.31504524969887,12.18725164849241
327.30744962118575,12.208295853490123
327.3077354306955,12.206940656244957
327.2927818035876,12.213647070328953
327.3634235478358,12.229030734232703
327.38027707907094,12.245240370003797
327.33643508463075,12.249502206806502
327.353394085114,12.267048954228406
327.1876051290579,12.247630514867478
327.2569225228431,12.291061993476479
327.6117158248995,12.144530102292096
327.6208330677507,12.182100850604199
327.55716464300207,12.179827957807548
327.5354148752399,12.201942317039597
327.58383005987497,12.20141654412634
327.47472429046223,12.220656744714685
327.5240659977827,12.278484736482454
327.46467279743945,12.266774140470716
327.4498261987767,12.279562218042571
327.49206698978685,12.272517700906262
327.4769286434331,12.291053495634836
327.4895044074592,12.308010800756835
327.47929602671456,12.325419550203
327.4800810866419,12.328064009848529
327.5804501519149,12.28238653822584
327.5940386254935,12.277333652408075
327.5376977727735,12.280898697606679
327.4881897954008,12.324734952489854
327.50052925503405,12.328932921417701
327.416216898712,12.308896309661558
327.3614037285827,12.29459249976364
327.3799791047214,12.311878056112691
327.42526551165105,12.307041984860149
327.400406413143,12.335338903662638
327.43518304292877,12.334979009217346
327.4242084199243,12.354701409175213
327.3966532507636,12.335166942770986
